,mz,rt,rt_start,rt_end,B1_NIST1950_1_6540.mzML,B1_NIST1950_2_6540.mzML,B1_NIST1950_3_6540.mzML,classification
FT1271,230.094905570934,1.0726759656268683,1.044518597920735,1.100833333333,33537.8133334612,3103.82324830828,2594.34782437736,1.0
FT2735,405.107268465704,5.323503112792967,5.323503112792967,5.323503112792967,878.531645516213,866.245274815336,1509.46198917389,0.0
FT1989,295.189564280838,1.0094007924396116,0.99815985361735,1.0751848856608066,9120.62633461822,21505.0581038379,21614.1737834311,1.0
FT3959,823.304345032169,0.9179674148559567,0.917966666667,0.99815985361735,41417.1182860962,37800.9331236859,39528.3763339233,1.0
FT0647,165.091851509832,0.9179670407614784,0.917966666667,0.9179674148559567,159976.365113157,135058.152546509,148929.252446236,1.0
FT1352,239.022409943247,6.03839009602865,6.03839009602865,6.03839009602865,2331.76738544526,2682.47122308817,5624.83688777299,0.0
FT3054,466.252937121252,0.9678333333329999,0.8879364013671867,0.9678511937459316,43818.1264367403,8195.86937258613,7703.34923191106,0.0
FT0013,60.0168266961095,2.04788665771485,2.015166666667,2.048416900634767,7810.57699704702,4512.7675270476,8819.19456680689,1.0
FT2575,373.867426700689,13.103516666667,13.05364990234375,13.103533935546867,6843.74759620597,9371.69711745345,10570.3787383382,0.0
FT1215,225.062030902847,6.0382334391276,6.038233333332999,6.055021158854166,935531.678886525,869882.89577518,885908.830246859,1.0
FT1357,240.061032694031,0.9179670407614784,0.917966666667,0.9179674148559567,56313.485628337,49809.0767479016,49392.3161229372,1.0
FT2437,355.169634133059,0.967842263539465,0.9678333333329999,0.9678511937459316,8695.50571681361,9892.38742123509,10603.8242678833,1.0
FT2233,328.047563141096,0.6686,0.66859753926595,0.7409428914388017,55304.638168985,39566.9478543178,53060.2145820587,0.0
FT0754,176.959625853367,5.0574,4.990900675455733,5.074017333984367,3536.44549388141,2050.95071502686,855.072034950258,1.0
FT0406,134.060794077922,1.3169499999999998,1.30033582051595,1.3604971567789717,51856.9370255777,37079.0017111624,42855.6940421685,1.0
FT0251,112.985745072116,13.095216967773434,13.086900000000002,13.103533935546867,487202.346624298,475499.903587811,465057.450621368,1.0
FT2399,350.866193160192,5.2236343383789,5.2236343383789,5.2236343383789,26063.6536125436,7148.28206215789,3464.21232868003,1.0
FT1203,223.871858467682,2.4457529703775998,2.4457529703775998,2.4457529703775998,4065.92765988215,2646.39886617436,2725.80427164149,0.0
FT1280,230.997514115134,0.8681002298990883,0.818216666667,0.884716666667,66279.8481177056,81240.1755026495,84823.6094725782,1.0
FT1374,242.052202613569,6.0714833577473994,6.071483333333,6.088248697916667,326683.800826673,312854.166357199,306314.671067117,1.0
FT0310,122.046819536318,1.3252595906577185,1.300316666667,1.3753779093424483,220895.708367152,77129.4200951023,84871.3747423756,0.0
FT3938,803.562761599206,1.017716666667,1.0011014302571617,1.0751848856608066,14649.1633224813,13517.9811790937,12110.8531610947,1.0
FT2341,343.085163601806,1.5829355875651032,1.5829355875651032,1.5829355875651032,2822.00790143944,1828.08257284185,3922.12293325516,0.0
FT2652,390.164686060701,1.0011014302571617,0.984466666667,1.0751848856608066,8453.85647301695,9690.54793787849,9083.0453479886,1.0
FT0920,195.92817492653,8.11625,8.0663838704427,8.132864888509117,9297.66654121397,3421.78948216686,9852.58754706452,1.0
FT0549,154.057540150384,4.791416666667001,4.7912373860677,4.791416931152351,220035.814132237,194185.305871787,202894.587562715,1.0
FT2854,430.15760725445,4.791327158610033,4.7912373860677,4.791416931152351,1762.0583284623,1097.68187099866,2797.59165676116,1.0
FT2453,357.237883897832,1.0560509656268684,1.044518597920735,1.067583333333,463330.243026945,2744.70304226226,0.0,0.0
FT0704,172.067925804875,1.2837,1.2837,1.2837,4286.47525131941,5842.20670478759,2964.90124861787,0.0
FT0441,139.076316261097,1.0011014302571617,1.001083333333,1.0751848856608066,40075.5337224896,31591.0257077739,34744.7580648472,1.0
FT2419,352.157025487875,1.2005856831868482,1.2005856831868482,1.2005856831868482,573.459798775924,534.486252019997,2328.76148174286,0.0
FT2526,367.106093477765,6.063242340087883,6.054849751790367,6.071634928385417,1719133.49599829,1448143.50637895,1302848.62622829,1.0
FT3094,475.377308222781,0.8016,0.8015994389851884,0.8879364013671867,78599.5624484253,67436.9834474945,67338.2749101374,1.0
FT3261,509.328880529385,0.8719130833943683,0.8719130833943683,0.8719130833943683,18073.0267787203,0.0,0.0,0.0
FT1542,255.232963614868,4.0845225016276,4.05965576171875,4.109389241536467,240356.524788184,128026.277620998,106657.198230838,0.0
FT1443,248.973562074326,8.141190846761067,8.11624806722005,8.166133626302083,17671185.5361785,25222105.9619161,36348933.4271023,0.0
FT1676,265.047887489967,5.855367024739583,5.855367024739583,5.855367024739583,2100.833873291,1821.97244423032,969.87520493567,1.0
FT0112,88.0120735224732,1.9486673990885335,1.9486666666669998,1.96511052449545,56582.6907537584,54508.3449740668,45275.1487950891,1.0
FT0331,124.982654887466,13.086900000000002,13.070282999674482,13.103533935546867,135605.088128173,126158.035726112,125529.799214188,1.0
FT0137,91.0220683744291,1.36683578491211,1.3668166666669999,1.405167388916015,281056.60056615,255765.676389404,292855.730692199,1.0
FT2588,377.03122740035,1.3544722880047233,1.333566666667,1.3753779093424483,6375.1402750955,1909.35034194946,954.68954644761,1.0
FT2263,332.192561226739,1.2126040140787768,1.1839689890543617,1.24123903910319,5560.59282950851,1169.55401157247,4479.81975553084,0.0
FT3996,852.572817591641,1.0751848856608066,1.0751848856608066,1.0751848856608066,6137.268947926,1559.52684519983,1723.0562956622,1.0
FT1960,291.125413875854,0.7683489481608067,0.7683489481608067,0.7683489481608067,0.0,14271.7222196765,23716.7175032043,1.0
FT2425,353.212400752725,0.7932913088480633,0.7849826176961266,0.8016,3638.55905467762,16256.9879536941,15701.1030193981,1.0
FT3951,818.554286169881,1.0011014302571617,1.001083333333,1.0751848856608066,40646.83245732,37258.015004527,33971.4922033854,1.0
FT2170,318.895487610736,12.987149047851567,12.987149047851567,12.987149047851567,2964.43060917836,1358.24179883599,1603.46664946477,0.0
FT3685,621.326728032122,1.36683578491211,1.3502,1.3753779093424483,5850.60668590259,6779.92339376443,4774.71309482575,0.0
FT2241,329.048968178951,0.6519819620766566,0.6353636423746749,0.7409428914388017,10123.56515625,7168.78638402533,10566.8323077252,0.0
FT1030,206.94959846453,13.103516666667,13.070282999674482,13.103533935546867,39324.212696004,29488.9503967105,31559.7136193248,1.0
FT3898,748.765089995625,13.086908634439933,13.070283333333,13.103533935546867,426.693907611025,2592.71070316315,2773.55195412694,0.0
FT3634,604.232529550967,5.306862894694017,5.306862894694017,5.306862894694017,927.218219602108,618.427638166584,1461.47547501138,0.0
FT2384,349.873526082387,4.209419003295733,4.192654673258467,4.226183333333,10572.6821163315,7278.69179758721,17050.6016318043,0.0
FT2480,361.167249879882,0.8697015444437667,0.851466666667,0.93555367787679,9399.03653503418,36236.9090037092,38135.4904150086,1.0
FT0645,165.074980981582,4.010066666667,4.00949783325195,4.026406860351567,83297.7936595127,69878.6710145361,69444.7454494539,1.0
FT3446,549.45218955939,0.8016,0.8015994389851884,0.8719130833943683,62980.216679441,61448.4427106585,62971.1910154216,1.0
FT2302,337.90548627819,0.668598769632975,0.66859753926595,0.6686,986268.803727503,594591.867545956,421711.22118007,0.0
FT3075,471.872029218609,13.086900000000002,13.05364990234375,13.103533935546867,3771.60101412819,3055.71279657748,3189.35279867039,1.0
FT3514,568.465323369498,0.8719130833943683,0.8719130833943683,0.8719130833943683,18603.1125317174,7117.90304135489,6198.82301594398,0.0
FT0279,116.079714441729,1.0426508789060833,1.034333333333,1.0509684244791666,47487.8355727193,46783.0418672442,48400.6675812,1.0
FT1666,263.997250089877,4.00949783325195,4.00949783325195,4.00949783325195,2771.8427414868,0.0,642.300046423916,0.0
FT2932,444.159871004813,1.3834524790445966,1.38345,1.4200810750325517,16472.0461358552,12281.2032717925,14943.3651567078,1.0
FT3337,526.828018405243,13.078591918945316,13.05364990234375,13.103533935546867,5178.57665313722,2703.46570271525,4718.11609580045,1.0
FT2438,355.192102549004,1.0477435111999516,1.044518597920735,1.0509684244791666,11346.1474072111,781.822243517095,2626.6213574131,0.0
FT1789,279.979565699984,5.722367350260416,5.722367350260416,5.722367350260416,1793.6926510856,525.068798243426,306.82560803512,0.0
FT2784,414.85469928516,13.111833203125167,13.05364990234375,13.120149739583333,1880.98430126746,16869.6472983099,20142.7011749691,0.0
FT4015,878.812296202219,8.548482259114584,8.548482259114584,8.548482259114584,7480.43366477958,58951.570911011,175772.348645742,0.0
FT2701,398.157248889167,1.1839689890543617,1.1839689890543617,1.1839689890543617,12659.4682195124,13264.7701466997,13544.9299608748,0.0
FT1711,270.975833452076,2.1564667795817,2.1315335591634166,2.1813999999999996,4149.58120895746,7511.54515854571,5461.30508887806,1.0
FT3481,559.813398801982,13.103516666667,13.070282999674482,13.103533935546867,9803.15048812868,12195.5842977516,11029.1025376431,1.0
FT0538,152.047183959914,5.04908358968115,5.0407666666669995,5.057400512695316,7466.0887965549,4756.32133480931,4421.21590500618,1.0
FT2430,354.106979678693,4.824650573730467,4.82465,4.84112447102865,6303.01103954317,3725.16449979297,5088.26853741562,1.0
FT3532,572.440984754361,0.8719130833943683,0.8719130833943683,0.8719130833943683,11152.4115555666,0.0,0.0,1.0
FT2725,402.298116951926,1.044518597920735,1.044518597920735,1.044518597920735,14571.7365190804,4402.78262418574,4431.82860663549,1.0
FT3098,476.185392122486,1.0177182515462233,1.0177182515462233,1.0177182515462233,1651.90480018744,2331.74512428199,3218.55379100276,0.0
FT1422,247.028519451047,1.1511235555013015,1.1511235555013015,1.1511235555013015,3171.08231723785,524.180459887022,1860.56626583729,0.0
FT1101,214.144606408068,1.1008352915445967,1.0842,1.1812637329101567,7573.70474693299,7823.52274303436,6756.03610747029,0.0
FT0602,160.842178860886,5.0574,5.057351684570317,5.0906504313151,27529.6716123552,14490.6887779155,13525.9051424713,0.0
FT3548,578.308294393545,1.2338357289632167,1.2171999999999998,1.3009333292643235,11681.5408189813,10581.959795625,10217.5256269388,1.0
FT0161,96.9878787036454,13.086900000000002,13.070282999674482,13.103533935546867,45555.5846687884,35638.6081173443,36720.3558883908,1.0
FT0968,199.968927432016,6.703219604492184,6.7032,6.719816589355466,4757.51343441011,2415.78654009895,4099.39224632264,1.0
FT2368,347.886442970129,13.086900000000002,13.070282999674482,13.103533935546867,91796.3144014283,75677.1190788061,85627.9962762453,1.0
FT0892,192.023977332511,4.974235782877433,4.9741882324218665,4.974283333333,4370.64701211847,2997.45976799012,4103.9614114446,1.0
FT2500,364.096690268328,2.547133333333,2.5121353149414003,2.5637346903483,5491.79229919024,5656.41944113479,5251.97226121157,1.0
FT4155,1113.24767056341,7.467908553059733,7.451283772786467,7.484533333333,3082.58560867323,2233.89342658997,2193.21962354473,1.0
FT1389,243.055529908144,6.071634928385417,6.071634928385417,6.071634928385417,23111.2995415019,19318.4447773157,21079.7311199368,0.0
FT2830,425.012225681021,1.59955,1.59955,1.59955,2736.80628761929,3088.25241684246,1514.28789965486,1.0
FT0328,125.010959458638,5.872079976399733,5.855366666667,5.888616666667001,45606.5829234923,1867.40222190856,42486.8432240314,1.0
FT0973,199.954929148619,5.057400512695316,5.057400512695316,5.057400512695316,3111.17965264278,1176.04946699925,2208.23591474071,1.0
FT2890,435.804064288019,1.067583333333,1.0509684244791666,1.1360145568847648,12636.9692507956,9246.10579603941,8978.67884248009,1.0
FT1459,248.97353468145,9.412949625651034,9.412949625651034,9.412949625651034,18472451.529707,12979749.4829969,12068423.5875082,0.0
FT0256,113.989258838731,1.001083333333,0.9844679514567051,1.0751848856608066,23177.3851160255,20251.0305323755,18397.3901236725,1.0
FT2422,353.025777537682,8.8975819905599,8.8975819905599,8.8975819905599,291.349079608172,0.0,1456.52069950104,0.0
FT3689,622.110905907678,0.6686,0.6686,0.6686,5927.61481409543,5243.59493854032,2514.31625058992,0.0
FT1199,223.117271903815,1.1174687703450517,1.11745,1.1812637329101567,136339.208230578,119355.389914362,116725.418471827,1.0
FT1985,294.799637246208,1.067583333333,1.0509684244791666,1.1360145568847648,104381.075886477,76072.2636266326,76678.2981800545,1.0
FT0324,124.015325661149,5.107266743977866,5.074017333984367,5.107267252604166,208828.364542984,182510.167132342,3445.86217114841,1.0
FT2573,373.114990722752,5.024150594075517,5.024150594075517,5.024150594075517,3254.97325454643,1733.90814688727,1785.50762208849,1.0
FT3119,479.3875031708,0.903872044881185,0.903872044881185,0.903872044881185,26606.4188010945,0.0,0.0,0.0
FT2614,382.187098613758,0.8348498662312834,0.818216666667,0.903872044881185,16567.5905025141,18232.6710042222,18784.799055865,1.0
FT0225,108.042521470403,6.66995,6.653316752115884,6.669975789388017,72918.2190136721,67436.4494697537,69384.4007015471,1.0
FT0183,101.024496277169,4.375534057617184,4.375534057617184,4.375534057617184,36346.9566361742,31169.676744325,36537.7908068481,1.0
FT3867,731.177130520894,0.917966666667,0.917966666667,0.917966666667,0.0,2827.29746429443,1719.15837341309,1.0
FT2490,362.890899131177,13.086900000000002,13.070282999674482,13.103533935546867,363268.096157878,321014.234597005,318762.647131435,1.0
FT0330,125.018444590873,5.107266743977866,5.107266666667,5.1239003499349,10766.4248348236,7894.14897285463,10579.9145992458,1.0
FT1051,208.133356959347,1.0509684244791666,1.05095,1.1360145568847648,10759.2987015268,10520.0639306504,9807.13530834428,1.0
FT3276,513.272311623731,0.9669766108194984,0.9669766108194984,0.9669766108194984,18621.3705734804,9600.33746617628,7046.56422880581,0.0
FT2348,344.100930244246,5.47300029500325,5.473,5.473000590006517,4846.39455523457,4043.44043540954,2928.08727621312,1.0
FT0932,196.938677089408,13.21158358968115,13.203266666667,13.219900512695316,821706.19078182,897432.341495764,934548.435644378,0.0
FT1994,295.406706020796,13.103516666667,13.070282999674482,13.120149739583333,4386.78921189113,3761.57633560176,3480.88482140747,0.0
FT0196,103.003888771854,6.13812306722005,6.137966666666999,6.154600016276033,89777.7010604781,87478.1779545154,79735.3533564843,1.0
FT3726,640.129376616204,0.917966666667,0.9013505299886067,0.99815985361735,8536.80250305175,6578.76811546326,5218.48596817017,1.0
FT1881,284.267715388002,6.802933247884116,6.802933247884116,6.802933247884116,50463.2355696448,39533.4747092283,33947.8362500449,0.0
FT2208,325.046514713323,0.6686,0.66859753926595,0.7409428914388017,42401.8356099406,27130.0788861942,19852.8605094843,0.0
FT3467,555.524110475756,0.919754219055175,0.919754219055175,0.919754219055175,16607.1968005371,0.0,0.0,1.0
FT0701,171.911069826767,8.049766666667,8.016497802734367,8.0996337890625,21440.3974124671,4411.25474006651,2819.32726638793,0.0
FT0074,78.9591228157889,0.66859753926595,0.66859753926595,0.66859753926595,72186.2741808739,60622.2351132476,110620.507956831,0.0
FT1390,243.131815351622,1.1590177551269534,1.134083333333,1.2112960815429683,7381.71705617142,7767.55131271363,7785.07924438786,1.0
FT2135,314.079994814417,0.9179674148559567,0.917966666667,0.99815985361735,57692.1896120348,47219.6055830933,47656.6780256261,1.0
FT2797,417.187803124894,6.0714833577473994,6.05485,6.088248697916667,30066.3546274687,30115.1928555616,24749.600023483,0.0
FT3403,541.174144025002,0.9346008936564133,0.934583333333,1.01365966796875,47065.4345879653,40708.5878591538,47213.7194413286,1.0
FT3291,516.773657440883,1.1360145568847648,1.1360145568847648,1.1360145568847648,2319.84813943274,0.0,0.0,1.0
FT1857,283.2646945374,5.9718994140625,5.9718994140625,5.9718994140625,235999.720283167,195704.994545779,205821.573264691,0.0
FT3600,592.465538714099,0.8016,0.8015994389851884,0.8879364013671867,88525.4814462693,81580.4427353606,79061.8956465122,1.0
FT3652,610.47653015029,0.7849826176961266,0.784966666667,0.8719130833943683,12146.7717162299,10352.9110393524,11000.9495718384,1.0
FT2516,366.249306960405,1.0904593149820967,1.0904593149820967,1.0904593149820967,4066.91518302138,0.0,351.479349297821,0.0
FT0122,88.9879834708473,0.66859753926595,0.66859753926595,0.66859753926595,56555.5601865351,41105.5513526358,76554.1625517358,1.0
FT3774,671.10272462378,0.9179674148559567,0.917966666667,0.99815985361735,8271.82001312256,8626.12898117065,7362.52247007899,0.0
FT2431,354.165073260303,0.9512176513671867,0.951216666667,1.0291222254435217,28757.3672574746,27355.9491622639,30879.2935097431,1.0
FT0007,57.9756297182526,1.4832023620605466,1.483183333333,1.5098092397054035,9571.49794715881,8073.27737628937,9433.29519539232,1.0
FT0356,128.914481386421,11.341349283854166,11.341349283854166,11.341349283854166,17547.3768425461,0.0,0.0,0.0
FT0235,110.975707016654,1.78243459065755,1.782416666667,1.80229988098145,77970.132760866,57582.1198989376,58066.857214084,1.0
FT1241,226.996624220324,4.209267679850266,4.192933333333,4.209271748860683,30713.7160929351,24707.5659065028,27232.734945145,1.0
FT0955,198.89065920943,7.27672440592465,7.268416666667,7.2850321451823,409.000180357933,6672.8022980966,6424.46050304066,0.0
FT0017,60.9930284737129,13.53575,13.519132486979167,13.552383422851566,566281.877707894,440474.186728626,426578.237479086,1.0
FT0766,178.131847917686,1.0509684244791666,1.05095,1.1056772867838531,6617.46595870971,5748.32333816528,4662.01243354964,1.0
FT1619,258.055663597817,5.2568837483724,5.2568837483724,5.2568837483724,4881.24067762099,2881.67665460799,1550.48697837544,0.0
FT0365,130.051275756321,1.9819170633951833,1.981916666667,1.9982120513916,101449.039193918,70438.620066959,82799.7941825062,1.0
FT0677,169.025637167235,5.107266743977866,5.107266666667,5.107267252604166,69405.3035360206,57555.1660764555,53450.2954990284,1.0
FT3643,607.457946411381,0.818216666667,0.8015994389851884,0.8879364013671867,27477.0249292165,26819.5980669793,23715.1389547219,1.0
FT0466,143.107904092097,0.9512176513671867,0.951216666667,1.0291222254435217,2288527.09631666,1980137.03423338,2058388.61907252,1.0
FT1336,238.02622988302,5.306862894694017,5.306766666667,5.323383585611983,2818.32160096246,4020.65350494626,3579.76831199991,0.0
FT2295,336.886624518836,7.28504111328125,7.2517822265625,7.3183,253.149909852498,4324.47843486785,5839.1097960157,0.0
FT3493,563.431461692631,0.903872044881185,0.903872044881185,0.903872044881185,30009.806485587,15726.4943488522,13009.9802146074,1.0
FT2918,440.859673454023,4.1596833333330006,4.142684173583984,4.192654673258467,29086.3493407238,24204.7812310926,26741.3497098219,0.0
FT3684,621.204856192508,0.809908052826095,0.8015994389851884,0.818216666667,13013.2183474696,10154.0249529126,7011.14809467315,1.0
FT2063,303.234574937327,0.93555367787679,0.93555367787679,0.93555367787679,710149.620609732,450854.169940595,446250.514763056,1.0
FT1565,255.233126259586,13.452633333333,13.452633333333,13.452633333333,146818.859648428,93205.9350370049,84834.0158408791,0.0
FT2746,407.205510992811,1.1673344217934531,1.167333333333,1.1673355102539067,10273.6886858027,14741.7776051361,16471.1112234825,1.0
FT0739,174.956714337463,16.428390502929684,16.428390502929684,16.428390502929684,4917.69135083631,43808.9141351332,368124.881159835,0.0
FT1684,267.124046577911,1.0177174591066118,1.017716666667,1.0177182515462233,276304.745181322,251942.492685966,261894.821643337,1.0
FT3579,586.8149858065,9.080465698242184,9.080465698242184,9.080465698242184,54808.2818739727,13119.9386025867,18905.9163012753,0.0
FT1495,249.975359874531,7.750517272949216,7.750517272949216,7.750517272949216,384400.6103341,309473.475177057,336839.844543494,0.0
FT1722,272.924272352726,8.232614644368484,8.232614644368484,8.232614644368484,218.161219453223,132496.752341247,1154750.81943573,0.0
FT0945,197.154278767374,0.934583333333,0.8681002298990883,0.9669766108194984,75727.4561588394,7430.92111225002,9698.9599609403,1.0
FT3518,569.169917588513,0.99815985361735,0.99815985361735,0.99815985361735,14970.9755536652,0.0,618.364250888388,1.0
FT0350,127.897093151984,1.0675851186116534,1.05095,1.1208566029866533,54015.814688172,21146.1987605255,19866.1272389255,1.0
FT1717,272.193415580225,1.0260257924396117,1.0177182515462233,1.034333333333,3537.67596529198,5444.61702086527,4027.37625554134,0.0
FT3827,699.772597627089,13.103516666667,13.05364990234375,13.103533935546867,5302.46055994553,5192.58898933412,4739.52493467892,0.0
FT1697,268.92435236444,13.086900000000002,13.070282999674482,13.103533935546867,10926.5958811955,10793.9838296648,8580.74093513491,1.0
FT0622,162.136375526402,0.8847171147664383,0.8847171147664383,0.8847171147664383,0.0,5040.89710534333,6555.61894958496,1.0
FT1737,273.925592554194,13.070282999674482,13.070282999674482,13.070282999674482,6179.09672317318,3271.50559769305,3729.0891111847,1.0
FT2264,332.274640223368,0.83485,0.8348498662312834,0.919754219055175,42454.9368574452,34936.9200747698,34375.7219055234,1.0
FT0569,156.946103802078,12.089444986979167,12.089444986979167,12.089444986979167,3794836.1025656,4579905.22754781,4766861.08661979,0.0
FT0043,60.9930236896419,9.030582682291667,9.030582682291667,9.030582682291667,226136.032174444,168074.16115281,159734.037973094,0.0
FT3374,533.419810198024,0.818216666667,0.8015994389851884,0.818232917785645,0.0,22470.3579020066,20618.5793414401,0.0
FT2641,387.059224060805,0.7241678237915034,0.7241678237915034,0.7241678237915034,2815.413422025,401.399384448887,1651.21850658796,0.0
FT0716,172.991593150918,0.9844673090618533,0.984466666667,0.9844679514567051,2842230.08266901,3642493.07398543,3761937.89058067,1.0
FT3699,625.470049031884,0.784966666667,0.784966666667,0.784966666667,3199.38124985657,6658.17492642459,3105.07592153687,1.0
FT1273,230.148133607406,1.6328,1.5995686848958333,1.6616160074869801,4986.31238513047,5381.09794132367,7000.35941823452,1.0
FT3129,481.318308478498,0.8930252240497201,0.818216666667,0.9669766108194984,80617.4498497009,21583.0462618244,21841.072973945,0.0
FT3791,683.541237545114,0.9512176513671867,0.9512176513671867,0.9512176513671867,0.0,731.256997421756,2571.83868232727,1.0
FT2107,310.879359056198,13.170016666667001,13.170016666667001,13.170016666667001,2092.11311463101,3275.07048188476,1812.79256747431,0.0
FT1825,283.26434484445,3.5273236612955667,3.51135,3.54329732259115,303856.264897866,205042.215905156,144507.342635718,0.0
FT1116,215.836453908623,1.042642472839355,1.0343349456787116,1.05095,0.0,1525.08757644653,1600.55083499908,0.0
FT3449,550.455572701674,0.7849826176961266,0.784966666667,0.8719130833943683,22174.6867749162,16638.7118213138,19754.1450753377,1.0
FT0468,144.030622867758,4.974283333333,4.957650248209633,4.990814208984366,19135.857777167,19144.1037496569,19841.8956861847,1.0
FT0154,95.0140223220365,6.054935579427084,6.05485,6.055021158854166,35442.9760465829,35151.7044476319,45644.8694136227,1.0
FT3609,594.33539677424,0.9512171590170933,0.951216666667,0.9512176513671867,1104.2950577442,4371.66259277344,3064.25260299682,1.0
FT1458,248.973488015906,10.643134562174483,10.643134562174483,10.643134562174483,14409283.8108806,14393965.3199523,16198453.831025,0.0
FT4164,1135.33861914352,7.700650307210283,7.667400614420567,7.7339,3685.49819452387,2921.74856744482,990.047909168325,1.0
FT1976,293.193261751853,0.9434210141499834,0.93555367787679,0.9512883504231766,61559.4497955322,0.0,0.0,0.0
FT2321,340.236364141619,0.9345921134947067,0.919754219055175,1.01365966796875,79630.5890564977,363124.403109677,382545.811889821,1.0
FT1823,283.113888886202,6.137966666666999,6.12135009765625,6.154736328125,5589.76024440767,4989.98714424134,4168.06653533935,0.0
FT1891,284.267903822201,3.3934458414713498,3.3934458414713498,3.3934458414713498,55846.3129649445,35506.3038124769,25224.2666454913,0.0
FT0770,178.873660485469,1.067583333333,1.0509684244791666,1.1208566029866533,2591.1239790898,4821.31670695681,3104.33197134379,1.0
FT3205,498.930156137864,0.7932913088480633,0.7849826176961266,0.8016,80282.3753885931,76444.1546414893,76417.264441452,1.0
FT3659,612.490419946656,0.784966666667,0.784966666667,0.784966666667,0.0,6019.63237930298,2414.93712561035,1.0
FT3240,505.307349693761,1.157674662272135,1.134085591634115,1.1812637329101567,3754.63748276802,1454.60843636916,1702.83633522034,0.0
FT1409,245.185813838444,0.7683489481608067,0.7683489481608067,0.7683489481608067,0.0,4022.16712823743,5120.67774158478,1.0
FT0446,140.919503898853,4.974283854166667,4.974283333333,4.990814208984366,42755.0016508485,38896.8485755921,34674.4021563721,1.0
FT2637,386.334915835904,0.903872044881185,0.903872044881185,0.903872044881185,7398.38245318115,2324.68676973972,807.458598800877,0.0
FT3637,605.328553666984,1.2005856831868482,1.18395,1.24123903910319,32477.1725800375,26909.6792933631,27686.5681765277,1.0
FT3940,804.789559516377,4.22590408325195,4.192933333333,4.225905863444017,3173.67999084644,2399.18925704734,2049.52662101401,1.0
FT3126,481.19320229854,3.261983333333,3.2618103027343666,3.27693049112955,4226.92782591643,4500.91258678435,4578.40107927243,1.0
FT3140,483.353694355671,1.2338357289632167,1.2338357289632167,1.2338357289632167,1600.17752492102,3178.20209976939,3502.41008304203,0.0
FT0236,111.020134580795,3.24535,3.243642171223967,3.2602940877278663,237610.989036547,2451.03312753221,206671.178278495,1.0
FT4187,1613.97730744247,14.982066666667,14.982066666667,14.982066666667,28559.3244885517,49999.4154886246,23885.9455182241,0.0
FT1526,254.624195216857,0.83485,0.8348498662312834,0.919754219055175,98824.0356787623,89212.9675724703,94575.8359700559,1.0
FT3343,526.884299412209,11.607342529296867,11.607342529296867,11.607342529296867,63515.5034661101,104342.305877542,397566.551095708,0.0
FT0629,163.041243102448,5.315135447184249,5.306767781575517,5.323503112792967,4417.24337246507,4165.00807691521,5193.91237190473,0.0
FT3855,724.827484580165,8.265864562988282,8.265864562988282,8.265864562988282,0.0,20497.436073102,31988.2486154064,0.0
FT3132,481.886067390178,4.143066666667,4.142684173583984,4.159404246012366,18102.2718740845,16714.2635579603,15771.130299391,1.0
FT3174,491.321425059456,0.934583333333,0.8879364013671867,0.9512176513671867,127616.171993866,4532.36002514629,4454.43888301772,0.0
FT1909,285.270935323681,0.851466687520345,0.851466666667,0.93555367787679,2670964.70115493,2268495.35595663,2366167.3803906,1.0
FT0158,96.9624276818001,1.333566666667,1.3169525146484367,1.3753779093424483,45531.7430672948,42983.3085175247,45358.5313434615,1.0
FT3665,613.506076495152,0.7932913088480633,0.7849826176961266,0.8016,829.220916164667,8219.17704803467,8459.95427475219,1.0
FT1784,279.170761086738,4.625166666667,4.625164794921867,4.641570027669267,9202.78837392994,9647.11023626923,8630.5101228692,1.0
FT0245,112.937621381058,12.031265767415366,12.006332397460934,12.056199137369799,321039.444713408,81417.7865536426,66458.0307127913,0.0
FT2041,301.050370274945,0.69034652709961,0.69034652709961,0.69034652709961,3116.33745758057,0.0,273.959906328272,0.0
FT1141,218.058893711175,1.46487711029036,1.449933333333,1.4798208872477217,4172.26842086509,5505.13811498406,4932.0416067755,0.0
FT4119,1027.15963298492,0.9013505299886067,0.9013333333329999,0.9825892766316733,9322.56829651806,9410.73974761963,7722.42619727839,1.0
FT1723,272.926057895975,11.923199462890633,11.923199462890633,11.923199462890633,96410.0481288123,84262.3007292509,60521.3581356208,0.0
FT0181,101.024497124444,5.373250162760416,5.37325,5.373250325520833,71569.8965203261,54310.3586207822,52582.7043737442,1.0
FT3131,481.422259974206,0.818232917785645,0.818216666667,0.903872044881185,24295.8313671112,19410.4611806496,19585.0408209253,1.0
FT2847,428.836827999928,0.6353500000000001,0.6353500000000001,0.6353500000000001,91301.1566985473,14733.6540542586,2898.2494451696,1.0
FT1460,248.973512602837,11.241615804036465,11.241615804036465,11.241615804036465,27542290.9628894,24678390.5898813,23979227.3780632,0.0
FT2949,447.274931607404,1.2837024688720702,1.2837,1.3456026713053384,16010.9971556286,13941.4248824803,13948.999704127,1.0
FT1984,294.541447321532,0.69034652709961,0.69034652709961,0.69034652709961,3774.60348529816,0.0,1036.623089657,0.0
FT3555,580.325044543803,1.2172023773193366,1.2171999999999998,1.2711119333903,295037.571681026,239673.353707265,247421.392625566,1.0
FT2455,357.936972784016,2.4955418904622335,2.4955418904622335,2.4955418904622335,6549.08622791738,2246.4928399558,3761.7525664351,0.0
FT3426,547.076385759622,0.7409428914388017,0.7409428914388017,0.7409428914388017,1994.99751255248,519.067693556288,0.0,0.0
FT1142,218.045962543962,4.1262504201254995,4.109816666667,4.142684173583984,9310.32762527412,7584.5161906652,7274.98969977565,1.0
FT1751,275.202385815596,0.851466687520345,0.851466666667,0.93555367787679,46051.9352185328,39445.5670858374,38300.6038507889,1.0
FT0579,157.123179071765,0.9179674148559567,0.917966666667,0.99815985361735,785651.503583227,648723.084650869,676226.76904026,1.0
FT3479,559.471137859027,0.801599719492595,0.8015994389851884,0.8016,76595.7811079769,70348.2828297016,68431.3073960829,1.0
FT2052,302.170938356853,1.0751848856608066,1.0751848856608066,1.0751848856608066,3153.0971520393,0.0,0.0,0.0
FT1369,241.198747840348,0.851466687520345,0.851466666667,0.93555367787679,65281.7943026333,56201.0291100311,57092.3949023196,0.0
FT1919,286.92151997278,13.095208333333499,13.070282999674482,13.120149739583333,26272.0178291874,31116.180395358,58093.8739178467,0.0
FT0713,173.09604964871,4.0267,4.026155344645184,4.043039449055984,49875.4970597913,48607.8390853714,48823.3076476442,1.0
FT0771,179.056144795725,5.157150268554684,5.15715,5.157170613606767,288533.657194111,261028.239481979,266294.822161241,1.0
FT0220,107.066336252082,6.287583333333,6.270966593424483,6.3043217976888,14039.8167015268,11497.7239641956,13635.0531719776,1.0
FT0536,152.002467381225,4.176316666667,4.159322102864583,4.209271748860683,137147.722296732,103472.367128362,83052.201750047,1.0
FT0059,70.9459784235282,5.06569798583985,5.0574,5.073995971679683,1279.71256187677,2569.81808120728,2797.1712778473,1.0
FT2719,401.872622267519,13.086900000000002,13.070282999674482,13.103533935546867,40923.8832286439,33378.8702002869,32059.8950949081,1.0
FT1588,256.236730792767,2.8111773173014334,2.8111773173014334,2.8111773173014334,42530.2430002879,32653.3569087071,30547.8603308533,0.0
FT3191,496.407902350952,0.8879364013671867,0.8879364013671867,0.8879364013671867,30184.3935801047,12910.0720471605,8154.15017403499,1.0
FT2416,352.085812702319,0.919754219055175,0.919754219055175,0.919754219055175,13992.254934082,0.0,0.0,1.0
FT2995,454.209039518214,1.175854619344075,1.1511235555013015,1.2005856831868482,7559.71991531569,0.0,2680.48751256888,0.0
FT3001,455.320620843719,2.2135406494140666,2.2135406494140666,2.2135406494140666,2937.85691024079,2811.96609456296,862.790482068085,0.0
FT0675,168.951254123183,13.469266764322917,13.469266764322917,13.469266764322917,894.886883950559,1642.74325124044,3660.89568911131,0.0
FT1929,288.10600404986,6.669949849446616,6.653316666667,6.669975789388017,4742.8102600438,4375.81070237283,5443.33993023566,1.0
FT1975,293.193002014343,0.851466666667,0.8348498662312834,0.851466687520345,0.0,60724.2873494203,58499.0675971144,0.0
FT0393,132.037378451575,2.9940839131673167,2.9940839131673167,2.9940839131673167,4655.6836491771,258.764049687685,864.056117154396,0.0
FT0584,158.010774314343,0.7409428914388017,0.7409428914388017,0.7409428914388017,21000.9150846418,1867.33892670439,5448.91791369556,0.0
FT1254,228.053498852849,5.306766666667,5.306766666667,5.306766666667,2019.89958459335,1926.07984843603,338.406298841874,0.0
FT2832,425.03040348251,1.0291222254435217,0.984466666667,1.0751848856608066,7868.32976381526,2245.57308733902,1440.18229268968,1.0
FT1665,264.087826613536,4.99085744222005,4.990814208984366,4.990900675455733,4994.72949231618,3530.19605152711,3880.97809411031,1.0
FT1430,248.581540391738,0.851466687520345,0.851466687520345,0.851466687520345,2071.37800933097,5101.53732531807,7996.17396010305,0.0
FT0930,196.976049770293,9.861782836914067,9.828549194335933,9.861799999999999,84322.907185547,56994.6669751129,45246.2509954038,1.0
FT3795,684.263753143267,0.9179669316608033,0.9013505299886067,0.934583333333,12411.4198434758,10874.8175304715,10109.4911460114,1.0
FT2787,415.209558062768,0.9013505299886067,0.9013333333329999,0.9825892766316733,33426.5215452968,30740.818775512,30562.3165116968,1.0
FT0608,160.931774945973,8.365616666667,8.365616666667,8.365616666667,0.0,8786.59121501335,682.206129207901,0.0
FT3257,508.846882332995,13.103516666667,13.070282999674482,13.103533935546867,68810.6385517449,65994.0782792244,63823.9549997968,1.0
FT1811,282.033770820485,6.0382334391276,6.0382334391276,6.0382334391276,24577.9651671835,18684.0377417267,18905.4021090097,0.0
FT0434,137.940624802256,0.685216666667,0.685216666667,0.685216666667,109874.241266946,39882.0135029682,25982.209099236,0.0
FT2882,434.84314197334,13.086899833170735,13.070282999674482,13.103516666667,6738.37659975271,5475.98118596785,5689.02294403625,0.0
FT1161,220.104634803256,4.026155344645184,4.026155344645184,4.026155344645184,3379.51289205344,2824.47170749903,2617.26224437414,1.0
FT2110,311.050602549903,4.625164794921867,4.625164794921867,4.625164794921867,2821.40266751224,260.007652861532,1948.63190019503,0.0
FT4181,1305.95279947081,13.136783854166667,13.136783854166667,13.136783854166667,7040.40322192673,6906.00938758601,8242.48477505929,0.0
FT0626,162.893195008911,0.7409428914388017,0.7409428914388017,0.7409428914388017,13009.5950987359,637.560410548674,1353.85335523851,0.0
FT1338,238.078092549421,0.93555367787679,0.93555367787679,0.93555367787679,106879.494429535,69385.1525289871,59986.9257991721,1.0
FT2287,336.052138994232,5.140517171223967,5.123900000000001,5.140543619791667,79223.715379486,69169.2045197053,66525.4771560699,1.0
FT0548,153.127122097981,1.05095,1.05095,1.05095,0.0,1288.91760978699,0.0,0.0
FT2365,347.191283143626,0.818232917785645,0.818232917785645,0.818232917785645,15440.0507472467,13559.5378144474,15999.2084812546,0.0
FT1049,208.079890107416,2.2479148864746166,2.2479148864746166,2.2479148864746166,889.147932791151,2160.50341524556,1966.82606083588,0.0
FT3134,482.155011230202,4.791416931152351,4.791416931152351,4.791416931152351,3245.98636539313,1379.78101873576,772.910213173212,0.0
FT2535,368.161734436313,0.919754219055175,0.919754219055175,0.919754219055175,287094.130603468,149410.888789096,144191.828609701,1.0
FT1323,236.128660247721,1.0842185974121101,1.0842,1.166215896606445,29671.9767169487,26759.7223816708,27491.9318915082,1.0
FT4145,1081.90253870505,1.044518597920735,1.044518597920735,1.044518597920735,5101.69516042372,0.0,0.0,0.0
FT2925,442.26557351562,0.9844679514567051,0.9678333333329999,1.0598824183146167,6923.0860151859,5033.84462264102,6009.68658805694,1.0
FT2936,445.082185005517,5.772233581542967,5.772233581542967,5.772233581542967,8514.02491870878,5348.06008828876,4124.39520004295,0.0
FT2377,348.868908646442,1.0842185974121101,1.0842185974121101,1.0842185974121101,22176.0900606468,14212.6705439958,14129.9280780335,0.0
FT1418,246.947114376209,5.024150594075517,5.024150000000001,5.040725708007816,21799.9546779423,18430.5511952705,18888.5540015815,1.0
FT3969,827.399444832041,0.9678511937459316,0.9678333333329999,1.044518597920735,6204.83113274442,5109.65777344377,4733.46806967201,1.0
FT2795,417.073381924122,0.6686,0.66859753926595,0.7409428914388017,98815.4011604367,46095.7620008338,55844.9574225284,0.0
FT3491,563.336536751183,1.0343349456787116,1.0343349456787116,1.0343349456787116,865.031037368812,1479.24805760844,2423.41541660655,0.0
FT1795,280.12612383083,1.0011014302571617,1.001083333333,1.0751848856608066,37755.6739282915,35780.2584140372,35354.0591324796,1.0
FT3672,615.54705224792,0.9346008936564133,0.934583333333,1.01365966796875,37594.0987263058,31157.4677946854,36389.5753395081,1.0
FT3387,537.842154524711,13.086899833170735,13.070282999674482,13.103516666667,2803.28444511126,2304.15825748444,1158.34964751315,1.0
FT2256,331.274114519668,0.8348499331156417,0.8348498662312834,0.83485,293343.436474676,267387.492979224,263568.409664752,1.0
FT3958,822.797383427494,8.132864888509117,8.132864888509117,8.132864888509117,0.0,0.0,1484.64690879822,0.0
FT2481,361.124639804971,5.988350423177083,5.9551005045573,6.038233333332999,37389.1898384901,21472.5895821755,23244.1461146908,1.0
FT3826,699.29692076183,0.9512176513671867,0.934583333333,1.0291222254435217,14840.7429302215,11877.1102500768,12856.5967000967,1.0
FT3065,469.22719350593,0.9678511937459316,0.9678333333329999,1.0598824183146167,7028.86141013671,4729.70256637573,6095.66724906921,1.0
FT0439,138.971268076016,7.966633605957033,7.966633605957033,7.966633605957033,33657.6755685949,20018.9081085549,20165.5549923065,1.0
FT2111,311.168806192484,0.8681002298990883,0.8015994389851884,0.9512883504231766,247812.987112235,217522.87870306,222127.822542719,1.0
FT3496,564.344911650178,1.01365966796875,1.01365966796875,1.01365966796875,7034.14993995666,313.561474962199,1684.17977040905,0.0
FT4127,1039.29393902365,7.484533333333,7.4346669514974,7.5011484781901006,9347.52902914293,7876.47621511148,7480.9145998228,1.0
FT3979,833.435459097289,0.9512176513671867,0.9512176513671867,0.9512176513671867,2307.38170280011,2068.53930828185,2709.75926205785,0.0
FT3230,503.32718035147,0.9013505299886067,0.8879364013671867,0.917966666667,75619.6346681689,25582.6472161088,29268.7459680838,1.0
FT3716,636.089137721678,0.7241678237915034,0.7241678237915034,0.7241678237915034,6481.13802360808,0.0,322.89506291257,0.0
FT3487,561.486580466748,0.818232917785645,0.7849826176961266,0.919754219055175,10162.230003886,65254.2091790432,71773.8415604002,1.0
FT1384,243.062434846251,4.6085459391276,4.608310953776033,4.608549999999999,173821.820549002,168717.575403692,169879.325529225,1.0
FT3630,602.980196260363,0.618733333333,0.618733333333,0.618733333333,0.0,5004.41206578866,428.043000002862,1.0
FT3758,658.487313821176,0.76835,0.76835,0.76835,0.0,4846.19274604797,3401.69602807617,1.0
FT3965,825.309940735372,0.917966666667,0.917966666667,0.917966666667,979.86378112793,6869.17458755493,6550.19462933349,1.0
FT1624,258.908901244645,8.947466666667,8.947466666667,8.947466666667,53019.2112205028,141536.281329628,211525.997732674,0.0
FT1701,269.132158752618,0.851466666667,0.8348498662312834,0.93555367787679,97627.8958273316,7205.1744046875,90081.644281658,1.0
FT0397,133.050854415636,1.400066666667,1.400066666667,1.400066666667,32344.5420204096,37227.5322644195,36402.1045836304,1.0
FT1834,283.264425725818,5.50625,5.50625,5.50625,822376.637090775,698608.176116164,625497.818946354,0.0
FT1658,263.103870847768,1.433316666667,1.38345,1.4798208872477217,12598.626020222,454971.577227274,469651.413101355,1.0
FT3942,805.733909938979,13.086899820963534,13.05364990234375,13.120149739583333,3395.18624375861,1509.88827836684,2546.1303633499,0.0
FT0131,90.9715112641571,14.815815226236984,14.815815226236984,14.815815226236984,440942.703839089,297261.687593918,339525.465277581,0.0
FT2197,322.1312311573,1.0842,1.0675851186116534,1.1360145568847648,2575.58249398837,7406.90410400391,5501.50948516845,0.0
FT2471,360.038423284611,0.66859753926595,0.66859753926595,0.66859753926595,10183.0324358053,5044.01811426261,9132.93517614192,0.0
FT1738,273.998815454927,0.707314427693685,0.707314427693685,0.707314427693685,6185.5935118103,0.0,1717.65007984015,1.0
FT0368,130.041441890878,4.86614431559245,4.8579,4.8743886311849,6630.79625488365,8380.43203314045,6461.88156974526,0.0
FT0728,173.993960554341,0.9844679514567051,0.984466666667,1.0598824183146167,300378.018209057,275304.564890994,282893.050873949,1.0
FT0223,107.037203735636,1.36683578491211,1.36683578491211,1.36683578491211,3610.00755942878,3487.89287023348,7152.47201522827,1.0
FT0990,202.053166970385,1.0842,0.99815985361735,1.0842,8916.71545613272,5267.46291106262,2037.96318079091,0.0
FT1243,227.067787593342,6.0549354553222665,6.054849751790367,6.055021158854166,17082.6660282414,14670.8382573085,16308.7810384676,0.0
FT0840,187.06148933548,5.4565292358398505,5.4565292358398505,5.4565292358398505,13960.57630189,15472.1433468082,13349.7531777057,1.0
FT1652,261.729070145099,4.974283333333,4.974283333333,4.974283333333,2550.76740197752,2705.97669422148,1616.72055413817,1.0
FT1602,256.236498044302,10.759516398111982,10.759516398111982,10.759516398111982,40201.0016662414,22483.4868958915,18335.0470937746,0.0
FT0229,108.021724967183,1.017716666667,0.99815985361735,1.0177182515462233,59953.3722799187,19152.9461823319,24107.0832590099,0.0
FT3207,498.952670166546,10.04466654459635,10.04466654459635,10.04466654459635,137260.885096223,132498.934834929,120176.672444221,0.0
FT1137,218.103267982139,2.031800587972,2.031783333333,2.04788665771485,56951.3980244957,58644.4275037739,59888.4516068235,1.0
FT0958,198.935667089299,1.0554162091573083,0.9825892766316733,1.0675851186116534,22135.0449353979,3159.85773225654,2661.13927638353,0.0
FT2809,419.186193982236,5.389884440104167,5.389884440104167,5.389884440104167,2556.26633434918,693.57738230424,875.298238909338,0.0
FT3513,568.465637849315,0.7766663088480634,0.76835,0.7849826176961266,13846.9974778533,14778.2283030657,20026.0866503906,1.0
FT0053,61.9886018910016,6.079866015624833,6.071483333333,6.088248697916667,471077.665170535,489116.490243854,441689.300987331,0.0
FT0938,196.938294268481,9.562566121419268,9.562566121419268,9.562566121419268,227309.585221416,247503.380729724,226784.845294833,0.0
FT1647,261.038696202025,6.03839009602865,6.0382334391276,6.05485,94092.6356040184,96251.5959020867,127303.711723553,1.0
FT1296,233.154548993128,0.9678511937459316,0.9678333333329999,1.044518597920735,33230.4102827453,28258.3146606995,28732.3485568765,1.0
FT4149,1085.29680163336,7.484533333333,7.451283772786467,7.5011484781901006,2753.46791419072,3370.904208587,2390.81403567026,0.0
FT3087,474.191634760286,1.4407838821411132,1.4167023976643882,1.4648653666178384,4756.19571680211,3849.20072765136,5154.12155908747,0.0
FT3763,664.419142114604,1.01365966796875,1.01365966796875,1.01365966796875,5419.80272124567,1740.98987108655,0.0,0.0
FT4080,981.994905222023,11.623975626627601,11.623975626627601,11.623975626627601,8263382.784646,7857152.22982698,5164281.94357622,0.0
FT1062,210.077135360752,1.2172023773193366,1.2171999999999998,1.2711119333903,29710.2082848901,23354.2506299562,21857.0601837596,1.0
FT1393,243.230382029565,1.0598824183146167,1.0598824183146167,1.0598824183146167,9516.74690792083,863.077603961916,1375.57398909216,0.0
FT0170,99.970589724108,5.074016666667,5.073995971679683,5.0906504313151,13864.072313153,8796.63531565656,7957.46254242838,1.0
FT3801,685.775543515945,13.086900000000002,13.070282999674482,13.086917114257817,9972.78387288182,7779.07389149918,9940.06490471495,1.0
FT0924,195.979213038873,5.032458630371266,5.024150594075517,5.0407666666669995,4846.85171331715,5636.45033589226,4775.081557212,0.0
FT0592,159.10317848856,0.9512176513671867,0.951216666667,1.0291222254435217,135411.63742609,128106.522251628,128124.102091253,1.0
FT1402,245.082731917181,1.5098092397054035,1.5098092397054035,1.5098092397054035,9007.79384392662,3280.7852734293,3695.1274430062,1.0
FT1866,284.033002750296,6.0216,6.0216,6.0216,8288.59366610935,10164.7988063208,5113.09837442721,0.0
FT2040,300.993382913584,4.974283593749833,4.974283333333,4.974283854166667,5609.70605873109,5525.06361145016,8277.04898774945,1.0
FT3311,520.40836704877,0.8016,0.8015994389851884,0.8879364013671867,46645.9492128754,50512.4697204502,47504.834916687,1.0
FT0484,145.014315562666,0.80708745320638,0.80708745320638,0.80708745320638,4599.68035308838,0.0,0.0,0.0
FT0036,60.9930560884822,10.343899536132817,10.343899536132817,10.343899536132817,235220.719809004,177622.206546826,164791.216986293,0.0
FT2151,316.047426570517,0.66859753926595,0.66859753926595,0.66859753926595,10078.3724978685,5623.47261460699,10393.4219430974,0.0
FT0288,117.055754879997,1.2670857747395834,1.2670666666669999,1.3307221730550132,1089536.34571203,907125.926450922,977366.562320482,1.0
FT1840,283.264330853948,8.432116666667,8.432116666667,8.432116666667,216990.228548385,182900.220002548,173307.853237461,0.0
FT1670,264.631193380146,1.0842185974121101,1.0842185974121101,1.0842185974121101,5323.81263735561,3196.00976527459,7496.6619927756,0.0
FT1593,256.236308281273,8.4819839477539,8.4819839477539,8.4819839477539,34849.352930107,18747.7392874285,16216.08310037,0.0
FT2238,328.311531393426,0.951216666667,0.919754219055175,0.9512176513671867,177577.545580093,440155.790025695,476070.053789085,1.0
FT1415,245.98409284389,4.37567240397135,4.37567240397135,4.37567240397135,2158.51713950421,0.0,0.0,1.0
FT2306,338.907566453462,1.0842185974121101,1.0842,1.1511235555013015,254740.527322809,50430.7185943556,47957.726602849,1.0
FT0772,179.056686103904,6.0382334391276,6.038233333332999,6.055021158854166,3118037.39083639,2884222.34738116,2827337.97424204,1.0
FT2801,417.286339870163,0.967842263539465,0.9678333333329999,0.9678511937459316,37920.4101524425,51936.2878919674,51796.6891733433,1.0
FT3326,524.436899641954,0.8015994389851884,0.784966666667,0.8719130833943683,11440.6664636993,9587.63214883729,8102.06215978591,1.0
FT1748,275.054211817419,5.738983662923184,5.738983333333,5.772430928548184,23924.6007559717,15811.0076133684,18931.9746806786,0.0
FT3282,515.279433889059,1.1208566029866533,1.1208566029866533,1.1208566029866533,19543.5769982594,17588.0167974442,14656.5764203668,1.0
FT1155,219.953792756988,13.086917114257817,13.070282999674482,13.120149999999999,7242.6227567189,6477.95321112376,5019.44284618379,1.0
FT2092,307.263819286588,0.83485,0.8348498662312834,0.919754219055175,93840.4327125501,85148.8435415447,90463.0283565279,1.0
FT2178,319.240417421098,5.09065,5.090622456868483,5.0906504313151,8458.06648681643,4562.97791261707,4807.79630981159,1.0
FT1533,255.159308194255,1.2283869756061168,1.200583333333,1.2561906178792317,52057.0912587187,33293.924977072,32914.2179452406,1.0
FT1577,255.233006010353,4.608310953776033,4.608310953776033,4.608310953776033,111662.823944353,75219.8318588547,72016.2886589062,0.0
FT1855,283.264315279271,9.296583048502601,9.296583048502601,9.296583048502601,334871.617634122,196733.51599903,199296.802804565,0.0
FT0066,74.0247523993996,6.66164627075195,6.653316752115884,6.669975789388017,10471.1778909686,4327.01304000802,8314.31231566516,1.0
FT2952,447.347081945088,0.903872044881185,0.903872044881185,0.903872044881185,250708.856930864,123219.965955906,121484.244794604,1.0
FT2590,377.16112315712,0.9761506423948533,0.919754219055175,1.0598824183146167,18829.6584322577,78715.786400501,85423.5857217002,1.0
FT2130,313.168110604414,0.7932913088480633,0.7849826176961266,0.8016,1256.8670143958,11440.6208626556,8937.45454415402,1.0
FT1097,214.085930107014,1.1962997436523433,1.1962997436523433,1.1962997436523433,7283.98577294192,1740.47704774229,3638.23821234298,0.0
FT2266,332.911155844619,13.128458203125167,13.120149739583333,13.136766666667,2593.82628977996,5224.60792356333,6454.06260058233,0.0
FT1956,291.065979077116,5.755616666667,5.755616666667,5.755616666667,325.587678154717,1683.70381630827,0.0,0.0
FT3592,589.447761848081,0.8016,0.8015994389851884,0.8879364013671867,58132.7269818398,48056.1520839628,52558.3065067291,1.0
FT0353,128.077536377029,1.0904593149820967,1.0904593149820967,1.0904593149820967,3205.36852794496,267.722485425967,0.0,0.0
FT1378,242.13036047429,1.1360145568847648,1.1360145568847648,1.1360145568847648,3561.85270154068,0.0,0.0,0.0
FT4126,1038.66454717333,13.086917114257817,13.05364990234375,13.120149999999999,5368.47203224183,2981.9122792493,4483.80119087217,0.0
FT2391,350.920548640943,11.6073496500651,11.6073496500651,11.6073496500651,629549.247705257,813819.939961791,1007451.82727909,0.0
FT1242,227.061049302817,4.375534057617184,4.359183333332999,4.37567240397135,7064.91636378975,7678.47489418891,7483.91080328485,1.0
FT0298,118.942172877819,8.0663838704427,8.0331314086914,8.083,20968.9484489194,15148.5400817871,9106.4715628052,0.0
FT3420,545.420758929252,0.8016,0.8015994389851884,0.8879364013671867,43489.6894541592,39657.0401412387,41134.9536451721,1.0
FT3388,538.314904768632,1.2670666666669999,1.2504524230957033,1.3009333292643235,15322.0274372955,16865.514424607,15367.351510437,1.0
FT1600,256.236736385927,9.845182291666667,9.845182291666667,9.845182291666667,25109.1824351296,13759.0003290405,9522.37499698748,0.0
FT3766,666.784065504821,13.086900000000002,13.086899820963534,13.103533935546867,8112.69479876452,6758.53165158348,7363.26340955173,0.0
FT2136,314.032056778733,0.6519805908203133,0.6519805908203133,0.6519805908203133,5353.75919319969,4701.35460920969,5065.74728141785,0.0
FT4175,1191.24603629732,7.459600219726734,7.451283772786467,7.467916666667,2206.12654484833,2283.76929193624,792.108216710436,0.0
FT0737,174.957093869361,8.648214721679684,8.648214721679684,8.648214721679684,5101816.4684737,29387762.5336377,50739120.2822128,0.0
FT2900,438.122630861105,1.0509684244791666,1.05095,1.1360145568847648,12545.9135375466,8841.00918904753,9300.90982981756,1.0
FT2994,454.118022068405,1.0675851186116534,1.0675851186116534,1.0675851186116534,2604.49578617117,4394.91857406683,5497.95132952347,1.0
FT2169,318.921067780494,13.136766666667,13.120149739583333,13.170033772786466,13294.5150386811,12578.8016623126,11237.55836483,1.0
FT0627,163.061256171857,4.359183333332999,4.35889892578125,4.37567240397135,497138.086369098,447992.019625301,488072.830922473,1.0
FT2596,378.10857598652,5.157150268554684,5.15715,5.173796590169267,2874.56793846131,2305.72039764405,2741.82019523621,0.0
FT3025,462.177110688041,1.100833333333,1.01365966796875,1.166215896606445,5044.0586999716,26731.1179949559,24573.1762703139,1.0
FT3376,534.390761096249,0.7849746421815633,0.784966666667,0.7849826176961266,3014.86459250368,9823.68270122657,11040.0414495052,1.0
FT1847,283.264349268663,2.846366666667,2.846366666667,2.846366666667,142321.218627929,141787.134008789,97078.8181722002,0.0
FT0205,105.019551160188,4.990814208984366,4.974283333333,4.990900675455733,52844.5684065163,42809.0590324233,41436.0903123557,1.0
FT0354,128.959752782483,13.53575830078125,13.53575,13.5357666015625,19825.7480554361,18912.5813544099,17997.3868090927,0.0
FT0252,113.060422929955,1.4723818461100266,1.449952443440755,1.4948112487792966,29870.3973490459,16415.3099783382,19302.7958665622,1.0
FT1752,275.882468610221,9.23006591796875,9.213449096679684,9.2467,31334.5793391437,179316.070736161,81626.8367444272,0.0
FT1275,230.914452071723,8.548482259114584,8.548482259114584,8.548482259114584,3700.08997660169,37782.8137283479,105635.085773968,0.0
FT2878,434.100610566296,5.024150000000001,5.024150000000001,5.024150000000001,2003.2400383923,1590.59644882248,1056.37538145237,0.0
FT2519,366.901307827485,0.8879364013671867,0.8879364013671867,0.8879364013671867,9098.20413619995,0.0,0.0,1.0
FT3720,638.103711450851,0.7241678237915034,0.7241678237915034,0.7241678237915034,6050.75804719001,1044.60725496207,967.784645103339,0.0
FT2192,321.152538691227,1.2412378311157233,1.2262850443522133,1.2561906178792317,4632.88095703125,0.0,1939.78347250393,0.0
FT0764,178.087082047507,1.1839689890543617,1.18395,1.24123903910319,70892.9880512075,60947.5757604711,58856.1714128525,1.0
FT3636,604.823320018782,13.120149739583333,13.070282999674482,13.120149999999999,3935.1795546341,5542.76488505512,5785.61463083173,1.0
FT2395,350.920613106243,11.973078409830732,11.973078409830732,11.973078409830732,2154767.98676229,3500429.54599193,4633270.29654799,0.0
FT2886,435.084109312988,0.66859753926595,0.66859753926595,0.66859753926595,57807.6492410371,26822.5455636224,48516.3432796256,0.0
FT1735,273.207165038613,0.8514666770936734,0.818232917785645,0.93555367787679,243801.575899698,203458.00193817,213308.411339284,1.0
FT1086,213.049330721452,6.395697784423833,6.37071685791015,6.4206787109375,8092.4335276928,8963.92184165032,8137.29676677706,1.0
FT0497,146.908237294095,1.483183333333,1.4665690104166667,1.5098092397054035,124754.107904579,47486.7002491981,32201.3884676221,1.0
FT0818,184.079764541001,2.2479148864746166,2.2479148864746166,2.2479148864746166,1045.3884906536,1428.50879381248,2149.34769699712,0.0
FT1124,216.830036869835,1.067583333333,1.0509684244791666,1.1360145568847648,29506.8072266199,23494.3732277551,22483.279209938,1.0
FT1546,255.233004199549,6.304216666667,6.304216666667,6.304216666667,237547.321611763,168938.777007659,149570.901990191,0.0
FT0430,137.024592093995,1.0343349456787116,1.034333333333,1.1208566029866533,1571064.02897312,1385453.48999262,1464981.38772313,1.0
FT0956,198.953858973292,10.9922373453776,10.9922373453776,10.9922373453776,1071.18645215034,1166.49572310783,2319.48174545289,0.0
FT1963,291.895588749235,13.120149999999999,13.120149999999999,13.120149999999999,2634.4002350841,2453.2361235328,2031.16737181907,0.0
FT1347,239.06002854784,0.9179674148559567,0.8847171147664383,0.99815985361735,25300.701793669,239090.274746919,241192.493686648,1.0
FT2563,371.280051967582,0.9678333333329999,0.9512176513671867,1.044518597920735,59571.9976431858,52661.3613925052,57797.1436426133,1.0
FT3650,609.504687963909,1.01365966796875,1.01365966796875,1.01365966796875,4441.23286010742,0.0,0.0,1.0
FT1277,231.060161404195,6.653316752115884,6.653316666667,6.653362019856767,5155.14407571262,6057.58159671352,5801.8113837433,1.0
FT4067,981.994379584345,5.722367350260416,5.722367350260416,5.722367350260416,976538.445166803,856046.901216281,483511.136712595,0.0
FT2220,326.126339553705,6.387333333333,6.387333333333,6.387333333333,10572.4637406872,8609.58769140699,6450.88209354357,1.0
FT0343,126.935622958428,1.3169512573242181,1.3169499999999998,1.3169525146484367,3707.01004797555,2647.92123836517,3178.71111614227,0.0
FT2749,407.279816740918,1.286020533243815,1.286020533243815,1.286020533243815,22760.6729398871,17059.3677889213,20270.3704320537,1.0
FT1805,281.174538782734,1.0011014302571617,0.93555367787679,1.0343349456787116,12211044.2956895,6292.65888424331,6444.01023576295,0.0
FT2477,360.128796874328,5.35674896240235,5.35674896240235,5.35674896240235,6237.0498269872,3826.40720727262,5514.33421607018,0.0
FT2250,330.273230203428,0.93555367787679,0.93555367787679,0.93555367787679,1817444.02127805,1649188.91458979,1613715.34437285,1.0
FT3529,572.042042254618,7.301667277018233,7.2850321451823,7.3183,26020.0090405729,56904.8669637561,50143.345381643,1.0
FT3442,548.865854147488,12.1060791015625,12.1060791015625,12.1060791015625,28218.1909607029,30337.0742562977,41373.4324622579,0.0
FT0424,136.877161858449,5.082333882649733,5.057351684570317,5.123900000000001,59686.8096967155,37310.5148690332,16611.8132759988,0.0
FT1261,228.994309172188,4.209267679850266,4.209267679850266,4.209267679850266,111677.018860316,96475.0904233391,103156.637578111,0.0
FT3368,530.8596112818,8.299114481608067,8.299114481608067,8.299114481608067,0.0,2443.0453974964,21674.3348785091,0.0
FT0639,164.00262772595,1.9819170633951833,1.9819170633951833,1.9819170633951833,10771.7770281753,9561.98803365257,10022.6846968427,0.0
FT0242,112.096854439072,3.1456166666670002,3.1456166666670002,3.1456166666670002,1416.7887871399,2151.70582534791,2244.57028692627,0.0
FT1948,290.11832162314,6.65331670939145,6.653316666667,6.653316752115884,2242.0255721283,2435.72592725068,1617.19787440076,1.0
FT2449,356.901925375559,13.103516666667,13.070282999674482,13.120149739583333,20305.0176976204,14774.3606267395,15285.5342804131,1.0
FT3581,586.81364440714,11.540849812825517,11.540849812825517,11.540849812825517,40518.9958013229,30294.8426145546,44154.5249391202,0.0
FT0520,150.01720768955,4.8743886311849,4.791416666667001,4.874533333333001,2198.82729472476,3950.92462581582,4120.31198799163,1.0
FT2379,349.161711196415,5.72254740397135,5.722366666667,5.738983662923184,29692.8504094745,32839.3014270252,29678.2841882753,1.0
FT2669,393.155401167399,1.449952443440755,1.449933333333,1.4948112487792966,30605.1758447656,25827.6727997811,27998.9108748372,1.0
FT0787,180.877879491267,1.504015181986325,1.483183333333,1.5248470306396484,5616.15789478563,3123.72155665383,1299.29227786194,1.0
FT2602,379.178529126349,1.0291222254435217,1.0291222254435217,1.0291222254435217,7851.08291187286,4137.50940593963,4765.80433167517,0.0
FT0912,195.102441812737,1.36683578491211,1.3169525146484367,1.434990310668945,26617.9851732661,24761.6481034844,25244.1496276503,1.0
FT1534,255.233122194085,5.273516666667001,5.256973775227866,5.273517862955733,338016.909586079,380225.820062312,201823.890658311,0.0
FT2482,361.139274713469,5.331754811604816,5.323383585611983,5.34012603759765,2578.66745363052,1641.84064395726,2019.34400209852,0.0
FT3530,572.041088239791,9.088774084472817,9.080466666667,9.09708150227865,19429.2949281758,14176.2756398798,13497.8398714057,0.0
FT1478,249.975663272951,5.87198384602865,5.87198384602865,5.87198384602865,2191341.19848793,1906314.92182145,2104343.64245875,0.0
FT2674,393.865229512395,13.095208243815268,13.05364990234375,13.103533935546867,1811.77309710032,7414.93752845766,9063.89610681975,0.0
FT0318,123.03437186519,1.2837,1.2837,1.2837,0.0,15316.2296704102,11802.9141716309,1.0
FT0905,194.046052340066,1.35020243326823,1.3502,1.405167388916015,232385.688248097,212428.605462418,221804.749037909,1.0
FT0504,148.043797389082,4.791416666667001,4.7912373860677,4.791416931152351,104302.410865033,91440.0771034658,86383.2982258723,1.0
FT3980,837.856370697244,4.17597681681315,4.1596833333330006,4.176021067301433,2899.30040889645,2103.82614498138,1983.14590518952,0.0
FT2686,395.33121484536,0.903872044881185,0.903872044881185,0.903872044881185,9222.53758590669,0.0,0.0,0.0
FT2524,367.106088573022,5.755707550048833,5.7556172688802,5.75579783121745,1953754.66330593,1684909.82756201,1539162.99185752,1.0
FT1816,283.064220392656,6.154736328125,6.154736328125,6.154736328125,2902.05648971934,1543.02371227103,4578.59562377927,0.0
FT1884,284.267933666002,3.0624833333329997,3.0624833333329997,3.0624833333329997,87997.9017811523,66923.7409136411,63075.2373310791,0.0
FT3067,469.857856253232,13.103516666667,13.05364990234375,13.103533935546867,9450.12738122952,7547.16281238957,7528.16489591651,1.0
FT0563,155.99856812723,0.6796475092569984,0.6519805908203133,0.707314427693685,3681.04746117799,1000.87439306198,1700.40469628338,0.0
FT3594,590.451485907444,0.7849826176961266,0.784966666667,0.8719130833943683,21259.6580046589,16226.0319991444,18893.7028884597,1.0
FT3856,724.824976497969,8.880966666667,8.880966666667,8.880966666667,6423.80520275959,56273.4158959762,39539.7867458593,0.0
FT2901,438.331013294755,0.8099164588928217,0.8016,0.818232917785645,15841.183474498,21425.5284352112,23662.8676531573,1.0
FT2659,391.141266923969,1.2262850443522133,1.2262850443522133,1.2262850443522133,8447.07235064697,6529.62417607117,7809.59740428951,0.0
FT1569,255.232870965224,10.377150472005201,10.377150472005201,10.377150472005201,47189.3982475996,32244.7247116268,29440.9509484856,0.0
FT0361,129.019349579631,8.0331314086914,7.999884033203133,8.033133333333,91265.6059279031,78558.5408751979,70918.0082468501,1.0
FT0490,146.046102894343,6.287583333333,6.270966593424483,6.3043217976888,331004.819276953,289648.256075595,302386.796470749,1.0
FT2344,343.126488338279,1.24415596669515,1.2171999999999998,1.2711119333903,8495.26845435627,3995.76346812134,1477.75758104989,0.0
FT1297,233.184181833053,0.7849746421815633,0.784966666667,0.7849826176961266,0.0,14655.8029247191,12224.7032192926,1.0
FT0583,158.060321644649,1.7047922134399334,1.6770160675048833,1.732568359375,5031.6405403059,4533.48018766473,7412.8476533221,1.0
FT0607,160.931469045404,8.182747904459633,8.182747904459633,8.182747904459633,0.0,3401.23933444694,5812.65578681945,0.0
FT1056,209.082264568597,0.959533930206465,0.951216666667,0.9678511937459316,58093.2140850157,59736.289795361,62243.3601078731,1.0
FT1780,279.041729732963,0.6852240150451667,0.6686,0.7018480300903317,8073.28917711746,5142.3595817844,15033.7946361697,0.0
FT1788,279.233192315005,0.8431582664491416,0.8348498662312834,0.851466666667,6930061.36441847,5829203.414103,5955717.13075954,1.0
FT2570,373.056066391455,0.7241678237915034,0.7241678237915034,0.7241678237915034,2927.50350782089,0.0,0.0,0.0
FT0825,185.099866273008,4.242816666667,4.242816666667,4.242816666667,3394.16159407331,3587.94447278337,3258.51879567667,0.0
FT1477,249.975390941053,12.787666829427083,12.787666829427083,12.787666829427083,609181.693316425,665854.933480252,629953.751913981,0.0
FT3488,562.314551279077,1.2338357289632167,1.233816666667,1.286020533243815,8136.45077631051,5765.2676258744,7104.64675331253,0.0
FT1267,230.012910924626,1.4000691731770833,1.400066666667,1.434990310668945,375791.172847264,301594.503407054,319151.171545224,1.0
FT1407,245.164285098483,1.3169499999999998,1.3169499999999998,1.3169499999999998,708.111197804193,2135.05669473963,1175.47219942392,0.0
FT1404,245.107075998382,5.0407666666669995,5.0407666666669995,5.0407666666669995,3178.90923817933,4520.85782308833,4368.66800247725,0.0
FT1944,289.901848912367,9.529316666667,9.529316666667,9.529316666667,3095.92449386495,6458.3303595097,4162.36062215069,0.0
FT1165,220.941259126733,0.818232917785645,0.818216666667,0.903872044881185,14484.4864030479,11595.4439819195,14210.7817649344,1.0
FT2833,425.119394476376,3.2602940877278663,3.24535,3.2618103027343666,2656.4314212214,3794.51653312126,3124.16776256562,1.0
FT1395,244.06575075287,4.608549999999999,4.608310953776033,4.625164794921867,18435.0300469091,16089.0097579319,17472.8461792551,1.0
FT2145,315.076920219454,0.9179674148559567,0.917966666667,0.99815985361735,35448.2461966876,30048.6226893957,31438.9076289936,1.0
FT1465,249.975437122406,13.336266666667001,13.319632975260417,13.402766927083333,490792.140927732,424237.068849452,544956.559896292,0.0
FT0022,60.9930603539614,2.663468933105467,2.6616007486979165,2.746633333333,427451.963137668,238095.64061535,358996.328527344,0.0
FT3767,667.545225518335,0.984467263539465,0.9678511937459316,1.001083333333,2898.5901561598,2595.37379161481,3703.83549159457,0.0
FT2961,448.890454051455,9.678933333333,9.678933333333,9.678933333333,67002.9402014526,132460.289923088,129464.856235237,0.0
FT3538,575.466922600382,0.8016,0.8015994389851884,0.8879364013671867,200988.60434539,186860.272496914,181101.231160435,1.0
FT1806,281.248737881,0.8348499331156417,0.8348498662312834,0.83485,12247912.0099736,10247580.602798,10614262.2704367,1.0
FT0380,131.034916595872,2.979366666667,2.9626436869303334,2.9940839131673167,62831.9025974414,52541.6768110768,59261.3423381059,1.0
FT1386,243.055678542708,5.788866666667,5.772430928548184,5.8221171061198005,67649.4682732499,35322.1458812603,36686.470540623,0.0
FT1472,249.975377634071,9.047198486328133,9.047198486328133,9.047198486328133,323861.620949654,269144.100684533,291354.914135743,0.0
FT0843,188.056889029087,6.254333333332999,6.221099853515634,6.2544662475586,14195.3990308159,12054.3776222421,15434.134508689,0.0
FT3708,631.239839022564,1.1208566029866533,1.1208566029866533,1.1208566029866533,3852.68189369201,806.671124278731,2133.9711527472,0.0
FT3756,656.330351815061,1.0751848856608066,1.0751848856608066,1.0751848856608066,3499.80696128641,0.0,0.0,1.0
FT1291,232.116137439226,1.233816666667,1.233816666667,1.233816666667,0.0,1385.96302345276,0.0,0.0
FT3575,585.509252666285,0.9346008936564133,0.934583333333,1.01365966796875,60532.2989965775,52234.9080154106,57861.6259564591,1.0
FT2485,361.234760328762,0.851466687520345,0.851466687520345,0.851466687520345,2074.30164307123,1464.12899043211,9150.47972425194,0.0
FT1099,214.026354107566,0.851466687520345,0.851466666667,0.93555367787679,12591.5383136415,9917.7224190026,9874.50432126503,1.0
FT2976,451.077644692407,0.6519805908203133,0.6353500000000001,0.707314427693685,6233.36736305237,3255.05854843835,4072.21863613129,0.0
FT0822,185.098053097232,0.9512176513671867,0.951216666667,0.9512176513671867,239267.689780378,255388.702708719,4851.59214706421,1.0
FT2757,408.892161973286,13.103516666667,13.070282999674482,13.120149739583333,7384.66823753359,5834.49550563814,2873.60414367087,1.0
FT1456,248.973471208956,1.73917706807455,1.73917706807455,1.73917706807455,14982846.8383653,12669863.3450908,12326897.3808502,0.0
FT0562,156.074916258997,4.0267,4.026155344645184,4.043039449055984,21374.1073072371,18353.934150112,19887.7977048533,1.0
